Workbook

Sheet Hoja 1
A1: Indicadores bursátiles
H2: Base simple | I2: Base ln
A3: Periodo | B3: 1. IPSA (índice enero 2003=1000) | C3: Retorno simple | D3: Retorno +1 | E3: Retorno LN | G3: Retorno promedio mensual | H3: =AVERAGE(C5:C186) -> 0.0049676545 | I3: =AVERAGE(E5:E186) -> 0.0038305776
A4: 40179 | B4: 3808.96 | G4: Var | H4: =_xlfn.VAR.S(C5:C186) -> 0.0022842427 | I4: =_xlfn.VAR.S(E5:E186) -> 0.0022638512
A5: 40210 | B5: 3827.44 | C5: =(B5-B4)/B4 -> 0.0048517181 | D5: =C5+1 -> 1.0048517 | E5: =LN(B5/B4) -> 0.0048399864 | G5: SD | H5: =SQRT(H4) -> 0.047793751 | I5: =SQRT(I4) -> 0.047579945
A6: 40238 | B6: 3763.12 | C6: =(B6-B5)/B5 -> -0.016804966 | D6: =C6+1 -> 0.98319503 | E6: =LN(B6/B5) -> -0.016947772
A7: 40269 | B7: 3865.45 | C7: =(B7-B6)/B6 -> 0.027192861 | D7: =C7+1 -> 1.0271929 | E7: =LN(B7/B6) -> 0.026829704
A8: 40299 | B8: 3886.86 | C8: =(B8-B7)/B7 -> 0.0055388118 | D8: =C8+1 -> 1.0055388 | E8: =LN(B8/B7) -> 0.005523529
A9: 40330 | B9: 4065.29 | C9: =(B9-B8)/B8 -> 0.04590595 | D9: =C9+1 -> 1.0459059 | E9: =LN(B9/B8) -> 0.044883447
A10: 40360 | B10: 4364.15 | C10: =(B10-B9)/B9 -> 0.073515051 | D10: =C10+1 -> 1.0735151 | E10: =LN(B10/B9) -> 0.070938358 | G10: 45748 | H10: =B186*EXP(I10) -> 7399.6203 | I10: =_xlfn.NORM.INV(RAND(),$H$3,$H$5) -> -0.033092632
A11: 40391 | B11: 4525.01 | C11: =(B11-B10)/B10 -> 0.036859411 | D11: =C11+1 -> 1.0368594 | E11: =LN(B11/B10) -> 0.036196348 | G11: 45778 | H11: =H10*EXP(I11) -> 7212.0533 | I11: =_xlfn.NORM.INV(RAND(),$H$3,$H$5) -> -0.025674994
A12: 40422 | B12: 4795.38 | C12: =(B12-B11)/B11 -> 0.059750144 | D12: =C12+1 -> 1.0597501 | E12: =LN(B12/B11) -> 0.058033167 | G12: 45809 | H12: =H11*EXP(I12) -> 7044.2854 | I12: =_xlfn.NORM.INV(RAND(),$H$3,$H$5) -> -0.023536981
A13: 40452 | B13: 4912.53 | C13: =(B13-B12)/B12 -> 0.024429764 | D13: =C13+1 -> 1.0244298 | E13: =LN(B13/B12) -> 0.02413613 | G13: 45839 | H13: =H12*EXP(I13) -> 6986.8443 | I13: =_xlfn.NORM.INV(RAND(),$H$3,$H$5) -> -0.0081877092
A14: 40483 | B14: 4956.96 | C14: =(B14-B13)/B13 -> 0.0090442196 | D14: =C14+1 -> 1.0090442 | E14: =LN(B14/B13) -> 0.0090035656 | G14: 45870 | H14: =H13*EXP(I14) -> 7018.8717 | I14: =_xlfn.NORM.INV(RAND(),$H$3,$H$5) -> 0.0045734754
A15: 40513 | B15: 4927.53 | C15: =(B15-B14)/B14 -> -0.0059371066 | D15: =C15+1 -> 0.99406289 | E15: =LN(B15/B14) -> -0.0059548013 | G15: 45901 | H15: =H14*EXP(I15) -> 7686.6151 | I15: =_xlfn.NORM.INV(RAND(),$H$3,$H$5) -> 0.090878037
A16: 40544 | B16: 4673.07 | C16: =(B16-B15)/B15 -> -0.051640477 | D16: =C16+1 -> 0.94835952 | E16: =LN(B16/B15) -> -0.053021605 | G16: 45931 | H16: =H15*EXP(I16) -> 7498.4684 | I16: =_xlfn.NORM.INV(RAND(),$H$3,$H$5) -> -0.024781733
A17: 40575 | B17: 4444.57 | C17: =(B17-B16)/B16 -> -0.048897192 | D17: =C17+1 -> 0.95110281 | E17: =LN(B17/B16) -> -0.050133117 | G17: 45962 | H17: =H16*EXP(I17) -> 7658.8564 | I17: =_xlfn.NORM.INV(RAND(),$H$3,$H$5) -> 0.021163892
A18: 40603 | B18: 4624.47 | C18: =(B18-B17)/B17 -> 0.040476357 | D18: =C18+1 -> 1.0404764 | E18: =LN(B18/B17) -> 0.039678643 | G18: 45992 | H18: =H17*EXP(I18) -> 7927.1539 | I18: =_xlfn.NORM.INV(RAND(),$H$3,$H$5) -> 0.034431399
A19: 40634 | B19: 4822.5 | C19: =(B19-B18)/B18 -> 0.042822204 | D19: =C19+1 -> 1.0428222 | E19: =LN(B19/B18) -> 0.041930696 | G19: 46023 | H19: =H18*EXP(I19) -> 7859.0457 | I19: =_xlfn.NORM.INV(RAND(),$H$3,$H$5) -> -0.0086288807
A20: 40664 | B20: 4847.87 | C20: =(B20-B19)/B19 -> 0.0052607569 | D20: =C20+1 -> 1.0052608 | E20: =LN(B20/B19) -> 0.0052469674 | G20: 46054 | H20: =H19*EXP(I20) -> 6978.4703 | I20: =_xlfn.NORM.INV(RAND(),$H$3,$H$5) -> -0.11883545
A21: 40695 | B21: 4795.28 | C21: =(B21-B20)/B20 -> -0.010848063 | D21: =C21+1 -> 0.98915194 | E21: =LN(B21/B20) -> -0.010907332 | G21: 46082 | H21: =H20*EXP(I21) -> 7286.2219 | I21: =_xlfn.NORM.INV(RAND(),$H$3,$H$5) -> 0.043155409
A22: 40725 | B22: 4425.98 | C22: =(B22-B21)/B21 -> -0.07701323 | D22: =C22+1 -> 0.92298677 | E22: =LN(B22/B21) -> -0.080140378 | G22: 46113 | H22: =H21*EXP(I22) -> 7257.9471 | I22: =_xlfn.NORM.INV(RAND(),$H$3,$H$5) -> -0.0038881212
... A45: 41426 | B45: 4029.67 | C45: =(B45-B44)/B44 -> -0.038554039 | D45: =C45+1 -> 0.96144596 | E45: =LN(B45/B44) -> -0.039316918 | G45: 46813 | H45: =H44*EXP(I45) -> 7543.8087 | I45: =_xlfn.NORM.INV(RAND(),$H$3,$H$5) -> -0.036966709
A46: 41456 | B46: 3732.54 | C46: =(B46-B45)/B45 -> -0.073735566 | D46: =C46+1 -> 0.92626443 | E46: =LN(B46/B45) -> -0.07659552
A47: 41487 | B47: 3628.73 | C47: =(B47-B46)/B46 -> -0.02781216 | D47: =C47+1 -> 0.97218784 | E47: =LN(B47/B46) -> -0.028206242
A48: 41518 | B48: 3823.85 | C48: =(B48-B47)/B47 -> 0.053770879 | D48: =C48+1 -> 1.0537709 | E48: =LN(B48/B47) -> 0.052375044
A49: 41548 | B49: 3912.44 | C49: =(B49-B48)/B48 -> 0.02316775 | D49: =C49+1 -> 1.0231677 | E49: =LN(B49/B48) -> 0.022903452
A50: 41579 | B50: 3789.06 | C50: =(B50-B49)/B49 -> -0.031535308 | D50: =C50+1 -> 0.96846469 | E50: =LN(B50/B49) -> -0.032043253
A51: 41609 | B51: 3699.19 | C51: =(B51-B50)/B50 -> -0.023718284 | D51: =C51+1 -> 0.97628172 | E51: =LN(B51/B50) -> -0.02400409
A52: 41640 | B52: 3439.41 | C52: =(B52-B51)/B51 -> -0.070226185 | D52: =C52+1 -> 0.92977382 | E52: =LN(B52/B51) -> -0.072813932
A53: 41671 | B53: 3718.88 | C53: =(B53-B52)/B52 -> 0.081255215 | D53: =C53+1 -> 1.0812552 | E53: =LN(B53/B52) -> 0.078122603
A54: 41699 | B54: 3772.76 | C54: =(B54-B53)/B53 -> 0.014488233 | D54: =C54+1 -> 1.0144882 | E54: =LN(B54/B53) -> 0.014384281
A55: 41730 | B55: 3909.64 | C55: =(B55-B54)/B54 -> 0.036281131 | D55: =C55+1 -> 1.0362811 | E55: =LN(B55/B54) -> 0.035638469
A56: 41760 | B56: 3903.81 | C56: =(B56-B55)/B55 -> -0.0014911859 | D56: =C56+1 -> 0.99850881 | E56: =LN(B56/B55) -> -0.0014922988
A57: 41791 | B57: 3875.73 | C57: =(B57-B56)/B56 -> -0.007192973 | D57: =C57+1 -> 0.99280703 | E57: =LN(B57/B56) -> -0.0072189672
... A186: 45717 | B186: 7648.59 | C186: =(B186-B185)/B185 -> 0.043162141 | D186: =C186+1 -> 1.0431621 | E186: =LN(B186/B185) -> 0.042256621

Sheet Hoja 2
A4: Mes | B4: Escenario 1 | C4: Escenario 2 | D4: Escenario 3 | E4: Escenario 4 | F4: Escenario 5
A5: 45748 | B5: =_xlfn.NORM.INV(RAND(),'Hoja 1'!$H$3,'Hoja 1'!$H$5) -> -0.025889917 | C5: =_xlfn.NORM.INV(RAND(),'Hoja 1'!$H$3,'Hoja 1'!$H$5) -> -0.027740156 | D5: =_xlfn.NORM.INV(RAND(),'Hoja 1'!$H$3,'Hoja 1'!$H$5) -> -0.020822637 | E5: =_xlfn.NORM.INV(RAND(),'Hoja 1'!$H$3,'Hoja 1'!$H$5) -> 0.027603435 | F5: =_xlfn.NORM.INV(RAND(),'Hoja 1'!$H$3,'Hoja 1'!$H$5) -> 0.024978393
A6: 45778 | B6: =_xlfn.NORM.INV(RAND(),'Hoja 1'!$H$3,'Hoja 1'!$H$5) -> -0.030941584 | C6: =_xlfn.NORM.INV(RAND(),'Hoja 1'!$H$3,'Hoja 1'!$H$5) -> -0.081775164 | D6: =_xlfn.NORM.INV(RAND(),'Hoja 1'!$H$3,'Hoja 1'!$H$5) -> -0.030945676 | E6: =_xlfn.NORM.INV(RAND(),'Hoja 1'!$H$3,'Hoja 1'!$H$5) -> -0.0044984819 | F6: =_xlfn.NORM.INV(RAND(),'Hoja 1'!$H$3,'Hoja 1'!$H$5) -> 0.067785045
A7: 45809 | B7: =_xlfn.NORM.INV(RAND(),'Hoja 1'!$H$3,'Hoja 1'!$H$5) -> 0.013811712 | C7: =_xlfn.NORM.INV(RAND(),'Hoja 1'!$H$3,'Hoja 1'!$H$5) -> 0.06272233 | D7: =_xlfn.NORM.INV(RAND(),'Hoja 1'!$H$3,'Hoja 1'!$H$5) -> 0.00063164546 | E7: =_xlfn.NORM.INV(RAND(),'Hoja 1'!$H$3,'Hoja 1'!$H$5) -> -0.00070592178 | F7: =_xlfn.NORM.INV(RAND(),'Hoja 1'!$H$3,'Hoja 1'!$H$5) -> 0.042261825
A8: 45839 | B8: =_xlfn.NORM.INV(RAND(),'Hoja 1'!$H$3,'Hoja 1'!$H$5) -> 0.029907246 | C8: =_xlfn.NORM.INV(RAND(),'Hoja 1'!$H$3,'Hoja 1'!$H$5) -> -0.04443651 | D8: =_xlfn.NORM.INV(RAND(),'Hoja 1'!$H$3,'Hoja 1'!$H$5) -> -0.009268117 | E8: =_xlfn.NORM.INV(RAND(),'Hoja 1'!$H$3,'Hoja 1'!$H$5) -> -0.017655164 | F8: =_xlfn.NORM.INV(RAND(),'Hoja 1'!$H$3,'Hoja 1'!$H$5) -> 0.046521693
A9: 45870 | B9: =_xlfn.NORM.INV(RAND(),'Hoja 1'!$H$3,'Hoja 1'!$H$5) -> 0.12495879 | C9: =_xlfn.NORM.INV(RAND(),'Hoja 1'!$H$3,'Hoja 1'!$H$5) -> 0.024294987 | D9: =_xlfn.NORM.INV(RAND(),'Hoja 1'!$H$3,'Hoja 1'!$H$5) -> -0.049587669 | E9: =_xlfn.NORM.INV(RAND(),'Hoja 1'!$H$3,'Hoja 1'!$H$5) -> -0.068214957 | F9: =_xlfn.NORM.INV(RAND(),'Hoja 1'!$H$3,'Hoja 1'!$H$5) -> -0.05076438
A10: 45901 | B10: =_xlfn.NORM.INV(RAND(),'Hoja 1'!$H$3,'Hoja 1'!$H$5) -> -0.0049920177 | C10: =_xlfn.NORM.INV(RAND(),'Hoja 1'!$H$3,'Hoja 1'!$H$5) -> -0.050980105 | D10: =_xlfn.NORM.INV(RAND(),'Hoja 1'!$H$3,'Hoja 1'!$H$5) -> 0.016785162 | E10: =_xlfn.NORM.INV(RAND(),'Hoja 1'!$H$3,'Hoja 1'!$H$5) -> 0.060101306 | F10: =_xlfn.NORM.INV(RAND(),'Hoja 1'!$H$3,'Hoja 1'!$H$5) -> 0.026820811
A11: 45931 | B11: =_xlfn.NORM.INV(RAND(),'Hoja 1'!$H$3,'Hoja 1'!$H$5) -> 0.042172425 | C11: =_xlfn.NORM.INV(RAND(),'Hoja 1'!$H$3,'Hoja 1'!$H$5) -> 0.0016317124 | D11: =_xlfn.NORM.INV(RAND(),'Hoja 1'!$H$3,'Hoja 1'!$H$5) -> 0.014005746 | E11: =_xlfn.NORM.INV(RAND(),'Hoja 1'!$H$3,'Hoja 1'!$H$5) -> 0.029882891 | F11: =_xlfn.NORM.INV(RAND(),'Hoja 1'!$H$3,'Hoja 1'!$H$5) -> -0.001106053
A12: 45962 | B12: =_xlfn.NORM.INV(RAND(),'Hoja 1'!$H$3,'Hoja 1'!$H$5) -> -0.080653214 | C12: =_xlfn.NORM.INV(RAND(),'Hoja 1'!$H$3,'Hoja 1'!$H$5) -> 0.050817146 | D12: =_xlfn.NORM.INV(RAND(),'Hoja 1'!$H$3,'Hoja 1'!$H$5) -> -0.039374233 | E12: =_xlfn.NORM.INV(RAND(),'Hoja 1'!$H$3,'Hoja 1'!$H$5) -> -0.057781137 | F12: =_xlfn.NORM.INV(RAND(),'Hoja 1'!$H$3,'Hoja 1'!$H$5) -> -0.007616565
A13: 45992 | B13: =_xlfn.NORM.INV(RAND(),'Hoja 1'!$H$3,'Hoja 1'!$H$5) -> 0.018222287 | C13: =_xlfn.NORM.INV(RAND(),'Hoja 1'!$H$3,'Hoja 1'!$H$5) -> 0.02600239 | D13: =_xlfn.NORM.INV(RAND(),'Hoja 1'!$H$3,'Hoja 1'!$H$5) -> -0.0079813942 | E13: =_xlfn.NORM.INV(RAND(),'Hoja 1'!$H$3,'Hoja 1'!$H$5) -> -0.027985813 | F13: =_xlfn.NORM.INV(RAND(),'Hoja 1'!$H$3,'Hoja 1'!$H$5) -> -0.014511208
A14: 46023 | B14: =_xlfn.NORM.INV(RAND(),'Hoja 1'!$H$3,'Hoja 1'!$H$5) -> -0.05508479 | C14: =_xlfn.NORM.INV(RAND(),'Hoja 1'!$H$3,'Hoja 1'!$H$5) -> 0.0050676642 | D14: =_xlfn.NORM.INV(RAND(),'Hoja 1'!$H$3,'Hoja 1'!$H$5) -> 0.063534623 | E14: =_xlfn.NORM.INV(RAND(),'Hoja 1'!$H$3,'Hoja 1'!$H$5) -> -0.017378845 | F14: =_xlfn.NORM.INV(RAND(),'Hoja 1'!$H$3,'Hoja 1'!$H$5) -> -0.022896709
A15: 46054 | B15: =_xlfn.NORM.INV(RAND(),'Hoja 1'!$H$3,'Hoja 1'!$H$5) -> -0.015740313 | C15: =_xlfn.NORM.INV(RAND(),'Hoja 1'!$H$3,'Hoja 1'!$H$5) -> 0.01237877 | D15: =_xlfn.NORM.INV(RAND(),'Hoja 1'!$H$3,'Hoja 1'!$H$5) -> 0.022755687 | E15: =_xlfn.NORM.INV(RAND(),'Hoja 1'!$H$3,'Hoja 1'!$H$5) -> -0.01313899 | F15: =_xlfn.NORM.INV(RAND(),'Hoja 1'!$H$3,'Hoja 1'!$H$5) -> 0.094496159
A16: 46082 | B16: =_xlfn.NORM.INV(RAND(),'Hoja 1'!$H$3,'Hoja 1'!$H$5) -> 0.060159029 | C16: =_xlfn.NORM.INV(RAND(),'Hoja 1'!$H$3,'Hoja 1'!$H$5) -> 0.0048557239 | D16: =_xlfn.NORM.INV(RAND(),'Hoja 1'!$H$3,'Hoja 1'!$H$5) -> -0.0069258954 | E16: =_xlfn.NORM.INV(RAND(),'Hoja 1'!$H$3,'Hoja 1'!$H$5) -> -0.022212578 | F16: =_xlfn.NORM.INV(RAND(),'Hoja 1'!$H$3,'Hoja 1'!$H$5) -> 0.029643021
... A40: 46813 | B40: =_xlfn.NORM.INV(RAND(),'Hoja 1'!$H$3,'Hoja 1'!$H$5) -> -0.12001427 | C40: =_xlfn.NORM.INV(RAND(),'Hoja 1'!$H$3,'Hoja 1'!$H$5) -> -0.074635418 | D40: =_xlfn.NORM.INV(RAND(),'Hoja 1'!$H$3,'Hoja 1'!$H$5) -> -0.080915734 | E40: =_xlfn.NORM.INV(RAND(),'Hoja 1'!$H$3,'Hoja 1'!$H$5) -> -0.012922213 | F40: =_xlfn.NORM.INV(RAND(),'Hoja 1'!$H$3,'Hoja 1'!$H$5) -> 0.079947189

Sheet Hoja 3
C2: Retorno real | D2: retorno real ln
B3: 2010 | C3: =+PRODUCT('Hoja 1'!D5:D15)-1 -> 0.29366809 | D3: =SUM('Hoja 1'!E5:E15) -> 0.25748166
B4: 2011 | C4: =PRODUCT('Hoja 1'!D16:D27)-1 -> -0.15220607 | D4: =SUM('Hoja 1'!E16:E27) -> -0.16511769
B5: 2012 | C5: =PRODUCT('Hoja 1'!D28:D39)-1 -> 0.029646705 | D5: =SUM('Hoja 1'!E28:E39) -> 0.029215739
B6: 2013 | C6: =PRODUCT('Hoja 1'!D40:D51)-1 -> -0.13999926 | D6: =SUM('Hoja 1'!E40:E51) -> -0.15082202
B7: 2014 | C7: =PRODUCT('Hoja 1'!D52:D63)-1 -> 0.041027901 | D7: =SUM('Hoja 1'!E52:E63) -> 0.040208591
B8: 2015 | C8: =PRODUCT('Hoja 1'!D64:D75)-1 -> -0.044339593 | D8: =SUM('Hoja 1'!E64:E75) -> -0.045352652
B9: 2016 | C9: =PRODUCT('Hoja 1'!D76:D87)-1 -> 0.12803074 | D9: =SUM('Hoja 1'!E76:E87) -> 0.1204734
B10: 2017 | C10: =PRODUCT('Hoja 1'!D88:D99)-1 -> 0.34041851 | D10: =SUM('Hoja 1'!E88:E99) -> 0.29298189
B11: 2018 | C11: =PRODUCT('Hoja 1'!D100:D111)-1 -> -0.082516264 | D11: =SUM('Hoja 1'!E100:E111) -> -0.086120425
B12: 2019 | C12: =PRODUCT('Hoja 1'!D112:D123)-1 -> -0.085317006 | D12: =SUM('Hoja 1'!E112:E123) -> -0.089177728
B13: 2020 | C13: =PRODUCT('Hoja 1'!D124:D135)-1 -> -0.10549161 | D13: =SUM('Hoja 1'!E124:E135) -> -0.111481
B14: 2021 | C14: =PRODUCT('Hoja 1'!D136:D147)-1 -> 0.031398873 | D14: =SUM('Hoja 1'!E136:E147) -> 0.03091601
B15: 2022 | C15: =PRODUCT('Hoja 1'!D148:D159)-1 -> 0.22131985 | D15: =SUM('Hoja 1'!E148:E159) -> 0.19993212
B16: 2023 | C16: =PRODUCT('Hoja 1'!D160:D171)-1 -> 0.17785557 | D16: =SUM('Hoja 1'!E160:E171) -> 0.16369547
B17: 2024 | C17: =PRODUCT('Hoja 1'!D172:D183)-1 -> 0.082650695 | D17: =SUM('Hoja 1'!E172:E183) -> 0.079412382
B18: 2025 | C18: =PRODUCT('Hoja 1'!D184:D186)-1 -> 0.13987589 | D18: =SUM('Hoja 1'!E184:E186) -> 0.13091939
B20: Retorno esperado | C20: =AVERAGE(C3:C17) -> 0.049076475 | D20: =AVERAGE(D3:D17) -> 0.037749716
B21: VAR | C21: =_xlfn.VAR.S(C3:C17) -> 0.024523806 | D21: =_xlfn.VAR.S(D3:D17) -> 0.021545735
B22: SD | C22: =SQRT(C21) -> 0.15660078 | D22: =SQRT(D21) -> 0.14678466
B24: Error estandar | C24: =C22/SQRT(15) -> 0.040434149 | D24: =D22/SQRT(15) -> 0.037899635
B26: Intervalo de confianza | C26: =C20+(1.96*C24) -> 0.12832741 | D26: =D20+(1.96*D24) -> 0.112033
C27: =C20-(1.96*C24) -> -0.030174456 | D27: =D20-(1.96*D24) -> -0.036533569
